state,district,confirmed_count,date,district_nm,incr_percentage
Kerala,Thrissur,13,2020-04-11,Tr,0
Kerala,Alappuzha,5,2020-04-11,Aa,0
Kerala,Kasaragod,166,2020-04-11,Kd,0
Kerala,Pathanamthitta,16,2020-04-11,Pa,0
Kerala,Kannur,70,2020-04-11,Kr,0
Kerala,Ernakulam,24,2020-04-11,Em,0
Kerala,Kottayam,3,2020-04-11,Km,0
Kerala,Thiruvananthapuram,14,2020-04-11,Tm,0
Kerala,Idukki,10,2020-04-11,Ii,0
Kerala,Malappuram,20,2020-04-11,Mm,0
Kerala,Kozhikode,13,2020-04-11,Ke,0
Kerala,Palakkad,7,2020-04-11,Pd,0
Kerala,Wayanad,3,2020-04-11,Wd,0
Kerala,Kollam,9,2020-04-11,Km,0
Delhi,East Delhi,1,2020-04-11,Ei,0
Delhi,South West Delhi,3,2020-04-11,Si,0
Delhi,West Delhi,2,2020-04-11,Wi,0
Delhi,North Delhi,3,2020-04-11,Ni,0
Delhi,New Delhi,5,2020-04-11,Ni,0
Delhi,South Delhi,26,2020-04-11,Si,0
Delhi,North East Delhi,1,2020-04-11,Ni,0
Delhi,North West Delhi,3,2020-04-11,Ni,0
Delhi,Unknown,1025,2020-04-11,Un,0
Telangana,Hyderabad,104,2020-04-11,Hd,0
Telangana,Karimnagar,4,2020-04-11,Kr,0
Telangana,Bhadradri Kothagudem,3,2020-04-11,Bm,0
Telangana,Ranga Reddy,3,2020-04-11,Ry,0
Telangana,Medchal Malkajgiri,4,2020-04-11,Mi,0
Telangana,Unknown,327,2020-04-11,Un,0
Telangana,Warangal Urban,2,2020-04-11,Wn,0
Telangana,Vikarabad,2,2020-04-11,Vd,0
Telangana,Adilabad,2,2020-04-11,Ad,0
Telangana,Nirmal,4,2020-04-11,Nl,0
Telangana,Nizamabad,18,2020-04-11,Nd,0
Telangana,Peddapalli,2,2020-04-11,Pi,0
Telangana,Sangareddy,1,2020-04-11,Sy,0
Telangana,Jagitial,1,2020-04-11,Jl,0
Telangana,Jogulamba Gadwal,17,2020-04-11,Jl,0
Telangana,Mahabubnagar,6,2020-04-11,Mr,0
Telangana,Suryapet,3,2020-04-11,St,0
Rajasthan,Italians*,2,2020-04-11,I*,0
Rajasthan,Jaipur,301,2020-04-11,Jr,0
Rajasthan,Jhunjhunu,31,2020-04-11,Ju,0
Rajasthan,Bhilwara,28,2020-04-11,Ba,0
Rajasthan,Jodhpur,43,2020-04-11,Jr,0
Rajasthan,Pali,2,2020-04-11,Pi,0
Rajasthan,Sikar,1,2020-04-11,Sr,0
Rajasthan,Pratapgarh,2,2020-04-11,Ph,0
Rajasthan,Dungarpur,5,2020-04-11,Dr,0
Rajasthan,Churu,11,2020-04-11,Cu,0
Rajasthan,Ajmer,5,2020-04-11,Ar,0
Rajasthan,Evacuees,50,2020-04-11,Es,0
Rajasthan,Alwar,7,2020-04-11,Ar,0
Rajasthan,Tonk,47,2020-04-11,Tk,0
Rajasthan,Dhaulpur,1,2020-04-11,Dr,0
Rajasthan,Udaipur,4,2020-04-11,Ur,0
Rajasthan,Bharatpur,9,2020-04-11,Br,0
Rajasthan,Bikaner,26,2020-04-11,Br,0
Rajasthan,Dausa,8,2020-04-11,Da,0
Rajasthan,Banswara,37,2020-04-11,Ba,0
Rajasthan,Karauli,3,2020-04-11,Ki,0
Rajasthan,Nagaur,1,2020-04-11,Nr,0
Rajasthan,Jaisalmer,28,2020-04-11,Jr,0
Rajasthan,Kota,33,2020-04-11,Ka,0
Rajasthan,Jhalawar,14,2020-04-11,Jr,0
Rajasthan,Barmer,1,2020-04-11,Br,0
Haryana,Italians*,14,2020-04-11,I*,0
Haryana,Gurugram,32,2020-04-11,Gm,0
Haryana,Faridabad,29,2020-04-11,Fd,0
Haryana,Panipat,4,2020-04-11,Pt,0
Haryana,Panchkula,5,2020-04-11,Pa,0
Haryana,Sonipat,3,2020-04-11,St,0
Haryana,Palwal,29,2020-04-11,Pl,0
Haryana,Ambala,7,2020-04-11,Aa,0
Haryana,Sirsa,3,2020-04-11,Sa,0
Haryana,Hisar,2,2020-04-11,Hr,0
Haryana,Rohtak,1,2020-04-11,Rk,0
Haryana,Nuh,38,2020-04-11,Nh,0
Haryana,Karnal,5,2020-04-11,Kl,0
Haryana,Bhiwani,2,2020-04-11,Bi,0
Haryana,Kaithal,2,2020-04-11,Kl,0
Haryana,Charki Dadri,1,2020-04-11,Ci,0
Haryana,Jind,1,2020-04-11,Jd,0
Haryana,Fatehabad,1,2020-04-11,Fd,0
Uttar Pradesh,Agra,92,2020-04-11,Aa,0
Uttar Pradesh,Ghaziabad,27,2020-04-11,Gd,0
Uttar Pradesh,Lucknow,29,2020-04-11,Lw,0
Uttar Pradesh,Gautam Buddha Nagar,62,2020-04-11,Gr,0
Uttar Pradesh,Kheri,4,2020-04-11,Ki,0
Uttar Pradesh,Moradabad,1,2020-04-11,Md,0
Uttar Pradesh,Varanasi,9,2020-04-11,Vi,0
Uttar Pradesh,Kanpur Nagar,9,2020-04-11,Kr,0
Uttar Pradesh,Pilibhit,2,2020-04-11,Pt,0
Uttar Pradesh,Jaunpur,4,2020-04-11,Jr,0
Uttar Pradesh,Baghpat,5,2020-04-11,Bt,0
Uttar Pradesh,Shamli,17,2020-04-11,Si,0
Uttar Pradesh,Meerut,48,2020-04-11,Mt,0
Uttar Pradesh,Bareilly,6,2020-04-11,By,0
Uttar Pradesh,Bulandshahr,11,2020-04-11,Br,0
Uttar Pradesh,Basti,9,2020-04-11,Bi,0
Uttar Pradesh,Hardoi,2,2020-04-11,Hi,0
Uttar Pradesh,Shahjahanpur,1,2020-04-11,Sr,0
Uttar Pradesh,Firozabad,11,2020-04-11,Fd,0
Uttar Pradesh,Azamgarh,4,2020-04-11,Ah,0
Uttar Pradesh,Saharanpur,21,2020-04-11,Sr,0
Uttar Pradesh,Pratapgarh,6,2020-04-11,Ph,0
Uttar Pradesh,Hapur,6,2020-04-11,Hr,0
Uttar Pradesh,Ghazipur,5,2020-04-11,Gr,0
Uttar Pradesh,Banda,2,2020-04-11,Ba,0
Uttar Pradesh,Mahrajganj,6,2020-04-11,Mj,0
Uttar Pradesh,Hathras,4,2020-04-11,Hs,0
Uttar Pradesh,Mirzapur,2,2020-04-11,Mr,0
Uttar Pradesh,Rae Bareli,2,2020-04-11,Ri,0
Uttar Pradesh,Bara Banki,1,2020-04-11,Bi,0
Uttar Pradesh,Auraiya,3,2020-04-11,Aa,0
Uttar Pradesh,Mathura,5,2020-04-11,Ma,0
Uttar Pradesh,Budaun,2,2020-04-11,Bn,0
Uttar Pradesh,Kaushambi,2,2020-04-11,Ki,0
Uttar Pradesh,Bijnor,1,2020-04-11,Br,0
Uttar Pradesh,Prayagraj,1,2020-04-11,Pj,0
Uttar Pradesh,Sitapur,10,2020-04-11,Sr,0
Uttar Pradesh,Muzaffarnagar,6,2020-04-11,Mr,0
Uttar Pradesh,Amroha,7,2020-04-11,Aa,0
Uttar Pradesh,Rampur,6,2020-04-11,Rr,0
Uttar Pradesh,Bhadohi,1,2020-04-11,Bi,0
Ladakh,Leh,12,2020-04-11,Lh,0
Ladakh,Kargil,3,2020-04-11,Kl,0
Tamil Nadu,Kancheepuram,7,2020-04-11,Km,0
Tamil Nadu,Chennai,182,2020-04-11,Ci,0
Tamil Nadu,Erode,60,2020-04-11,Ee,0
Tamil Nadu,Coimbatore,97,2020-04-11,Ce,0
Tamil Nadu,Tirunelveli,58,2020-04-11,Ti,0
Tamil Nadu,Tiruppur,26,2020-04-11,Tr,0
Tamil Nadu,Madurai,25,2020-04-11,Mi,0
Tamil Nadu,Chengalpattu,40,2020-04-11,Cu,0
Tamil Nadu,Salem,14,2020-04-11,Sm,0
Tamil Nadu,Ranipet,36,2020-04-11,Rt,0
Tamil Nadu,Thanjavur,11,2020-04-11,Tr,0
Tamil Nadu,Vellore,11,2020-04-11,Ve,0
Tamil Nadu,Virudhunagar,11,2020-04-11,Vr,0
Tamil Nadu,Karur,22,2020-04-11,Kr,0
Tamil Nadu,Tiruvannamalai,7,2020-04-11,Ti,0
Tamil Nadu,Viluppuram,27,2020-04-11,Vm,0
Tamil Nadu,Namakkal,41,2020-04-11,Nl,0
Tamil Nadu,Kanniyakumari,15,2020-04-11,Ki,0
Tamil Nadu,Thoothukkudi,24,2020-04-11,Ti,0
Tamil Nadu,Theni,41,2020-04-11,Ti,0
Tamil Nadu,Dindigul,55,2020-04-11,Dl,0
Tamil Nadu,Sivaganga,6,2020-04-11,Sa,0
Tamil Nadu,Tirupathur,16,2020-04-11,Tr,0
Tamil Nadu,Thiruvarur,13,2020-04-11,Tr,0
Tamil Nadu,Ramanathapuram,2,2020-04-11,Rm,0
Tamil Nadu,Thiruvallur,29,2020-04-11,Tr,0
Tamil Nadu,Nagapattinam,24,2020-04-11,Nm,0
Tamil Nadu,Cuddalore,15,2020-04-11,Ce,0
Tamil Nadu,Kallakurichi,3,2020-04-11,Ki,0
Tamil Nadu,Perambalur,1,2020-04-11,Pr,0
Tamil Nadu,Tiruchirappalli,39,2020-04-11,Ti,0
Tamil Nadu,The Nilgiris,9,2020-04-11,Ts,0
Tamil Nadu,Ariyalur,1,2020-04-11,Ar,0
Tamil Nadu,Tenkasi,1,2020-04-11,Ti,0
Jammu and Kashmir,Jammu,24,2020-04-11,Ju,0
Jammu and Kashmir,Srinagar,17,2020-04-11,Sr,0
Jammu and Kashmir,Bandipore,9,2020-04-11,Be,0
Jammu and Kashmir,Unknown,131,2020-04-11,Un,0
Jammu and Kashmir,Rajouri,3,2020-04-11,Ri,0
Jammu and Kashmir,Badgam,2,2020-04-11,Bm,0
Jammu and Kashmir,Baramula,1,2020-04-11,Ba,0
Jammu and Kashmir,Shupiyan,2,2020-04-11,Sn,0
Jammu and Kashmir,Udhampur,3,2020-04-11,Ur,0
Jammu and Kashmir,Kashmir,32,2020-04-11,Kr,0
Karnataka,Bengaluru,68,2020-04-11,Bu,0
Karnataka,Kalaburagi,10,2020-04-11,Ki,0
Karnataka,Kodagu,1,2020-04-11,Ku,0
Karnataka,Chikkaballapura,12,2020-04-11,Ca,0
Karnataka,Mysuru,47,2020-04-11,Mu,0
Karnataka,Dharwad,2,2020-04-11,Dd,0
Karnataka,Uttara Kannada,10,2020-04-11,Ua,0
Karnataka,Dakshina Kannada,10,2020-04-11,Da,0
Karnataka,Udupi,4,2020-04-11,Ui,0
Karnataka,Chitradurga,1,2020-04-11,Ca,0
Karnataka,Tumakuru,2,2020-04-11,Tu,0
Karnataka,Davanagere,2,2020-04-11,De,0
Karnataka,Ballari,6,2020-04-11,Bi,0
Karnataka,Bidar,11,2020-04-11,Br,0
Karnataka,Bagalkote,8,2020-04-11,Be,0
Karnataka,Belagavi,10,2020-04-11,Bi,0
Karnataka,Bengaluru Rural,5,2020-04-11,Bl,0
Karnataka,Gadag,1,2020-04-11,Gg,0
Karnataka,Mandya,5,2020-04-11,Ma,0
Maharashtra,Pune,257,2020-04-11,Pe,0
Maharashtra,Mumbai,1146,2020-04-11,Mi,0
Maharashtra,Nagpur,25,2020-04-11,Nr,0
Maharashtra,Ahmadnagar,26,2020-04-11,Ar,0
Maharashtra,Thane,143,2020-04-11,Te,0
Maharashtra,Raigarh,7,2020-04-11,Rh,0
Maharashtra,Yavatmal,4,2020-04-11,Yl,0
Maharashtra,Aurangabad,19,2020-04-11,Ad,0
Maharashtra,Ratnagiri,5,2020-04-11,Ri,0
Maharashtra,Palghar,18,2020-04-11,Pr,0
Maharashtra,Sangli,26,2020-04-11,Si,0
Maharashtra,Satara,6,2020-04-11,Sa,0
Maharashtra,Sindhudurg,1,2020-04-11,Sg,0
Maharashtra,Gondiya,1,2020-04-11,Ga,0
Maharashtra,Kolhapur,6,2020-04-11,Kr,0
Maharashtra,Other States*,9,2020-04-11,O*,0
Maharashtra,Jalgaon,2,2020-04-11,Jn,0
Maharashtra,Buldana,13,2020-04-11,Ba,0
Maharashtra,Nashik,14,2020-04-11,Nk,0
Maharashtra,Osmanabad,4,2020-04-11,Od,0
Maharashtra,Washim,1,2020-04-11,Wm,0
Maharashtra,Hingoli,1,2020-04-11,Hi,0
Maharashtra,Amravati,4,2020-04-11,Ai,0
Maharashtra,Latur,8,2020-04-11,Lr,0
Maharashtra,Jalna,1,2020-04-11,Ja,0
Maharashtra,Akola,12,2020-04-11,Aa,0
Maharashtra,Bid,1,2020-04-11,Bd,0
Maharashtra,Dhule,1,2020-04-11,De,0
Punjab,Amritsar,11,2020-04-11,Ar,0
Punjab,Shahid Bhagat Singh Nagar,19,2020-04-11,Sr,0
Punjab,S.A.S. Nagar,50,2020-04-11,Sr,0
Punjab,Hoshiarpur,7,2020-04-11,Hr,0
Punjab,Jalandhar,15,2020-04-11,Jr,0
Punjab,Ludhiana,10,2020-04-11,La,0
Punjab,Patiala,2,2020-04-11,Pa,0
Punjab,Rupnagar,3,2020-04-11,Rr,0
Punjab,Mansa,11,2020-04-11,Ma,0
Punjab,Pathankot,16,2020-04-11,Pt,0
Punjab,Faridkot,2,2020-04-11,Ft,0
Punjab,Barnala,2,2020-04-11,Ba,0
Punjab,Fatehgarh Sahib,2,2020-04-11,Fb,0
Punjab,Kapurthala,1,2020-04-11,Ka,0
Punjab,Moga,4,2020-04-11,Ma,0
Punjab,Sri Muktsar Sahib,1,2020-04-11,Sb,0
Punjab,Sangrur,2,2020-04-11,Sr,0
Andhra Pradesh,S.P.S. Nellore,48,2020-04-11,Se,0
Andhra Pradesh,Prakasam,41,2020-04-11,Pm,0
Andhra Pradesh,Visakhapatnam,20,2020-04-11,Vm,0
Andhra Pradesh,East Godavari,17,2020-04-11,Ei,0
Andhra Pradesh,Krishna,35,2020-04-11,Ka,0
Andhra Pradesh,Chittoor,20,2020-04-11,Cr,0
Andhra Pradesh,Guntur,75,2020-04-11,Gr,0
Andhra Pradesh,Kurnool,82,2020-04-11,Kl,0
Andhra Pradesh,Anantapur,15,2020-04-11,Ar,0
Andhra Pradesh,West Godavari,22,2020-04-11,Wi,0
Andhra Pradesh,Y.S.R.,30,2020-04-11,Y.,0
Uttarakhand,Dehradun,14,2020-04-11,Dn,0
Uttarakhand,Pauri Garhwal,2,2020-04-11,Pl,0
Uttarakhand,Udham Singh Nagar,3,2020-04-11,Ur,0
Uttarakhand,Nainital,6,2020-04-11,Nl,0
Uttarakhand,Haridwar,3,2020-04-11,Hr,0
Uttarakhand,Almora,1,2020-04-11,Aa,0
Uttarakhand,Unknown,6,2020-04-11,Un,0
Odisha,Khordha,39,2020-04-11,Ka,0
Odisha,Bhadrak,3,2020-04-11,Bk,0
Odisha,Cuttack,1,2020-04-11,Ck,0
Odisha,Puri,1,2020-04-11,Pi,0
Odisha,Jajapur,1,2020-04-11,Jr,0
Odisha,Kalahandi,2,2020-04-11,Ki,0
Odisha,Kendrapara,1,2020-04-11,Ka,0
Odisha,Dhenkanal,1,2020-04-11,Dl,0
Odisha,Unknown,5,2020-04-11,Un,0
Puducherry,Mahe,1,2020-04-11,Me,0
Puducherry,Puducherry,6,2020-04-11,Py,0
West Bengal,Kolkata,11,2020-04-11,Ka,0
West Bengal,North 24 Parganas,4,2020-04-11,Ns,0
West Bengal,Nadia,5,2020-04-11,Na,0
West Bengal,Medinipur East,3,2020-04-11,Mt,0
West Bengal,Kalimpong,1,2020-04-11,Kg,0
West Bengal,Hooghly,1,2020-04-11,Hy,0
West Bengal,Howrah,1,2020-04-11,Hh,0
West Bengal,South 24 Parganas,1,2020-04-11,Ss,0
West Bengal,Unknown,99,2020-04-11,Un,0
Chandigarh,Chandigarh,19,2020-04-11,Ch,0
Chhattisgarh,Raipur,5,2020-04-11,Rr,0
Chhattisgarh,Rajnandgaon,1,2020-04-11,Rn,0
Chhattisgarh,Bilaspur,1,2020-04-11,Br,0
Chhattisgarh,Durg,1,2020-04-11,Dg,0
Chhattisgarh,Korba,10,2020-04-11,Ka,0
Chhattisgarh,Unknown,7,2020-04-11,Un,0
Gujarat,Rajkot,18,2020-04-11,Rt,0
Gujarat,Surat,28,2020-04-11,St,0
Gujarat,Ahmadabad,243,2020-04-11,Ad,0
Gujarat,Vadodara,95,2020-04-11,Va,0
Gujarat,Gandhinagar,15,2020-04-11,Gr,0
Gujarat,Kachchh,4,2020-04-11,Kh,0
Gujarat,Mahesana,2,2020-04-11,Ma,0
Gujarat,Bhavnagar,23,2020-04-11,Br,0
Gujarat,Porbandar,3,2020-04-11,Pr,0
Gujarat,Gir Somnath,2,2020-04-11,Gh,0
Gujarat,Panch Mahals,1,2020-04-11,Ps,0
Gujarat,Patan,14,2020-04-11,Pn,0
Gujarat,Chota Udaipur,3,2020-04-11,Cr,0
Gujarat,Jamnagar,1,2020-04-11,Jr,0
Gujarat,Morbi,1,2020-04-11,Mi,0
Gujarat,Anand,5,2020-04-11,Ad,0
Gujarat,Sabar Kantha,1,2020-04-11,Sa,0
Gujarat,Dahod,1,2020-04-11,Dd,0
Gujarat,Bharuch,8,2020-04-11,Bh,0
Himachal Pradesh,Kangra,3,2020-04-11,Ka,0
Himachal Pradesh,Una,12,2020-04-11,Ua,0
Himachal Pradesh,Unknown,16,2020-04-11,Un,0
Himachal Pradesh,Sirmaur,1,2020-04-11,Sr,0
Madhya Pradesh,Jabalpur,9,2020-04-11,Jr,0
Madhya Pradesh,Bhopal,116,2020-04-11,Bl,0
Madhya Pradesh,Indore,235,2020-04-11,Ie,0
Madhya Pradesh,Ujjain,15,2020-04-11,Un,0
Madhya Pradesh,Gwalior,6,2020-04-11,Gr,0
Madhya Pradesh,Shivpuri,2,2020-04-11,Si,0
Madhya Pradesh,Chhindwara,2,2020-04-11,Ca,0
Madhya Pradesh,Morena,13,2020-04-11,Ma,0
Madhya Pradesh,Khargone,14,2020-04-11,Ke,0
Madhya Pradesh,Barwani,14,2020-04-11,Bi,0
Madhya Pradesh,Betul,1,2020-04-11,Bl,0
Madhya Pradesh,Vidisha,4,2020-04-11,Va,0
Madhya Pradesh,Other Region*,1,2020-04-11,O*,0
Madhya Pradesh,Sheopur,1,2020-04-11,Sr,0
Madhya Pradesh,Khandwa,5,2020-04-11,Ka,0
Madhya Pradesh,Dhar,1,2020-04-11,Dr,0
Madhya Pradesh,Hoshangabad,6,2020-04-11,Hd,0
Madhya Pradesh,Raisen,1,2020-04-11,Rn,0
Madhya Pradesh,Dewas,3,2020-04-11,Ds,0
Madhya Pradesh,Sagar,1,2020-04-11,Sr,0
Madhya Pradesh,Shajapur,1,2020-04-11,Sr,0
Madhya Pradesh,Unknown,78,2020-04-11,Un,0
Bihar,Munger,7,2020-04-11,Mr,0
Bihar,Patna,5,2020-04-11,Pa,0
Bihar,Siwan,29,2020-04-11,Sn,0
Bihar,Nalanda,2,2020-04-11,Na,0
Bihar,Lakhisarai,1,2020-04-11,Li,0
Bihar,Gopalganj,3,2020-04-11,Gj,0
Bihar,Gaya,5,2020-04-11,Ga,0
Bihar,Begusarai,7,2020-04-11,Bi,0
Bihar,Saran,1,2020-04-11,Sn,0
Bihar,Bhagalpur,1,2020-04-11,Br,0
Bihar,Nawada,3,2020-04-11,Na,0
Manipur,Imphal West,1,2020-04-11,It,0
Manipur,Unknown,1,2020-04-11,Un,0
Mizoram,Aizawl,1,2020-04-11,Al,0
Goa,North Goa,4,2020-04-11,Na,0
Goa,Unknown,3,2020-04-11,Un,0
Andaman and Nicobar Islands,South Andaman,5,2020-04-11,Sn,0
Andaman and Nicobar Islands,North and Middle Andaman,1,2020-04-11,Nn,0
Andaman and Nicobar Islands,Unknown,5,2020-04-11,Un,0
Jharkhand,Ranchi,8,2020-04-11,Ri,0
Jharkhand,Hazaribagh,2,2020-04-11,Hh,0
Jharkhand,Bokaro,6,2020-04-11,Bo,0
Jharkhand,Kodarma,1,2020-04-11,Ka,0
Assam,Cachar,2,2020-04-11,Cr,0
Assam,Kamrup Metropolitan,5,2020-04-11,Kn,0
Assam,Jorhat,8,2020-04-11,Jt,0
Assam,Goalpara,3,2020-04-11,Ga,0
Assam,Nalbari,3,2020-04-11,Ni,0
Assam,South Salmara Mancachar,1,2020-04-11,Sr,0
Assam,Kamrup,1,2020-04-11,Kp,0
Assam,Morigaon,1,2020-04-11,Mn,0
Assam,Golaghat,1,2020-04-11,Gt,0
Assam,Lakhimpur,1,2020-04-11,Lr,0
Assam,Dhubri,2,2020-04-11,Di,0
Assam,Hailakandi,1,2020-04-11,Hi,0
Arunachal Pradesh,Lohit,1,2020-04-11,Lt,0
Dadra and Nagar Haveli,Unknown,1,2020-04-11,Un,0
Tripura,Gomati,1,2020-04-11,Gi,0
Tripura,North Tripura,1,2020-04-11,Na,0
Kerala,Thrissur,13,2020-04-12,Tr,0.0
Kerala,Alappuzha,5,2020-04-12,Aa,0.0
Kerala,Kasaragod,166,2020-04-12,Kd,0.0
Kerala,Pathanamthitta,17,2020-04-12,Pa,6.25
Kerala,Kannur,71,2020-04-12,Kr,1.4285714285714286
Kerala,Ernakulam,24,2020-04-12,Em,0.0
Kerala,Kottayam,3,2020-04-12,Km,0.0
Kerala,Thiruvananthapuram,14,2020-04-12,Tm,0.0
Kerala,Idukki,10,2020-04-12,Ii,0.0
Kerala,Malappuram,20,2020-04-12,Mm,0.0
Kerala,Kozhikode,13,2020-04-12,Ke,0.0
Kerala,Palakkad,7,2020-04-12,Pd,0.0
Kerala,Wayanad,3,2020-04-12,Wd,0.0
Kerala,Kollam,9,2020-04-12,Km,0.0
Delhi,East Delhi,1,2020-04-12,Ei,0.0
Delhi,South West Delhi,3,2020-04-12,Si,0.0
Delhi,West Delhi,2,2020-04-12,Wi,0.0
Delhi,North Delhi,3,2020-04-12,Ni,0.0
Delhi,New Delhi,5,2020-04-12,Ni,0.0
Delhi,South Delhi,26,2020-04-12,Si,0.0
Delhi,North East Delhi,1,2020-04-12,Ni,0.0
Delhi,North West Delhi,3,2020-04-12,Ni,0.0
Delhi,Unknown,1110,2020-04-12,Un,8.292682926829269
Telangana,Hyderabad,197,2020-04-12,Hd,89.42307692307693
Telangana,Karimnagar,18,2020-04-12,Kr,350.0
Telangana,Bhadradri Kothagudem,4,2020-04-12,Bm,33.33333333333333
Telangana,Ranga Reddy,34,2020-04-12,Ry,1033.3333333333335
Telangana,Medchal Malkajgiri,23,2020-04-12,Mi,475.0
Telangana,Unknown,60,2020-04-12,Un,-81.65137614678899
Telangana,Rajanna Sircilla,1,2020-04-12,Ra,-81.65137614678899
Telangana,Khammam,2,2020-04-12,Km,-81.65137614678899
Telangana,Warangal Urban,24,2020-04-12,Wn,1100.0
Telangana,Vikarabad,8,2020-04-12,Vd,300.0
Telangana,Suryapet,9,2020-04-12,St,200.0
Telangana,Siddipet,1,2020-04-12,St,200.0
Telangana,Sangareddy,7,2020-04-12,Sy,600.0
Telangana,Nizamabad,49,2020-04-12,Nd,172.22222222222223
Telangana,Medak,5,2020-04-12,Mk,172.22222222222223
Telangana,Mahabubnagar,10,2020-04-12,Mr,66.66666666666666
Telangana,Mahabubabad,1,2020-04-12,Md,66.66666666666666
Telangana,Adilabad,10,2020-04-12,Ad,400.0
Telangana,Nirmal,15,2020-04-12,Nl,275.0
Telangana,Peddapalli,2,2020-04-12,Pi,0.0
Telangana,Jagitial,2,2020-04-12,Jl,100.0
Telangana,Jogulamba Gadwal,19,2020-04-12,Jl,11.76470588235294
Telangana,Nalgonda,12,2020-04-12,Na,11.76470588235294
Telangana,Nagarkurnool,2,2020-04-12,Nl,11.76470588235294
Telangana,Mulugu,2,2020-04-12,Mu,11.76470588235294
Telangana,Kamareddy,10,2020-04-12,Ky,11.76470588235294
Telangana,Jayashankar,2,2020-04-12,Jr,11.76470588235294
Telangana,Jangoan,2,2020-04-12,Jn,11.76470588235294
Rajasthan,Italians*,2,2020-04-12,I*,0.0
Rajasthan,Jaipur,341,2020-04-12,Jr,13.2890365448505
Rajasthan,Jhunjhunu,31,2020-04-12,Ju,0.0
Rajasthan,Bhilwara,28,2020-04-12,Ba,0.0
Rajasthan,Jodhpur,51,2020-04-12,Jr,18.6046511627907
Rajasthan,Pali,2,2020-04-12,Pi,0.0
Rajasthan,Sikar,2,2020-04-12,Sr,100.0
Rajasthan,Pratapgarh,2,2020-04-12,Ph,0.0
Rajasthan,Dungarpur,5,2020-04-12,Dr,0.0
Rajasthan,Churu,14,2020-04-12,Cu,27.27272727272727
Rajasthan,Ajmer,5,2020-04-12,Ar,0.0
Rajasthan,Evacuees,50,2020-04-12,Es,0.0
Rajasthan,Alwar,7,2020-04-12,Ar,0.0
Rajasthan,Tonk,59,2020-04-12,Tk,25.53191489361702
Rajasthan,Dhaulpur,1,2020-04-12,Dr,0.0
Rajasthan,Udaipur,4,2020-04-12,Ur,0.0
Rajasthan,Bharatpur,9,2020-04-12,Br,0.0
Rajasthan,Bikaner,34,2020-04-12,Br,30.76923076923077
Rajasthan,Dausa,8,2020-04-12,Da,0.0
Rajasthan,Banswara,52,2020-04-12,Ba,40.54054054054054
Rajasthan,Karauli,3,2020-04-12,Ki,0.0
Rajasthan,Nagaur,6,2020-04-12,Nr,500.0
Rajasthan,Jaisalmer,29,2020-04-12,Jr,3.571428571428571
Rajasthan,Kota,40,2020-04-12,Ka,21.21212121212121
Rajasthan,Jhalawar,14,2020-04-12,Jr,0.0
Rajasthan,Barmer,1,2020-04-12,Br,0.0
Rajasthan,Hanumangarh,2,2020-04-12,Hh,0.0
Rajasthan,Evacuees*,2,2020-04-12,E*,0.0
Haryana,Italians*,14,2020-04-12,I*,0.0
Haryana,Gurugram,32,2020-04-12,Gm,0.0
Haryana,Faridabad,31,2020-04-12,Fd,6.896551724137931
Haryana,Panipat,4,2020-04-12,Pt,0.0
Haryana,Panchkula,5,2020-04-12,Pa,0.0
Haryana,Sonipat,3,2020-04-12,St,0.0
Haryana,Palwal,29,2020-04-12,Pl,0.0
Haryana,Ambala,7,2020-04-12,Aa,0.0
Haryana,Sirsa,3,2020-04-12,Sa,0.0
Haryana,Hisar,2,2020-04-12,Hr,0.0
Haryana,Rohtak,1,2020-04-12,Rk,0.0
Haryana,Nuh,45,2020-04-12,Nh,18.421052631578945
Haryana,Karnal,6,2020-04-12,Kl,20.0
Haryana,Bhiwani,2,2020-04-12,Bi,0.0
Haryana,Kaithal,2,2020-04-12,Kl,0.0
Haryana,Charki Dadri,1,2020-04-12,Ci,0.0
Haryana,Jind,2,2020-04-12,Jd,100.0
Haryana,Fatehabad,1,2020-04-12,Fd,0.0
Haryana,Kurukshetra,2,2020-04-12,Ka,0.0
Haryana,Yamunanagar,3,2020-04-12,Yr,0.0
Uttar Pradesh,Agra,92,2020-04-12,Aa,0.0
Uttar Pradesh,Ghaziabad,27,2020-04-12,Gd,0.0
Uttar Pradesh,Lucknow,29,2020-04-12,Lw,0.0
Uttar Pradesh,Gautam Buddha Nagar,62,2020-04-12,Gr,0.0
Uttar Pradesh,Kheri,4,2020-04-12,Ki,0.0
Uttar Pradesh,Moradabad,1,2020-04-12,Md,0.0
Uttar Pradesh,Varanasi,9,2020-04-12,Vi,0.0
Uttar Pradesh,Kanpur Nagar,9,2020-04-12,Kr,0.0
Uttar Pradesh,Pilibhit,2,2020-04-12,Pt,0.0
Uttar Pradesh,Jaunpur,4,2020-04-12,Jr,0.0
Uttar Pradesh,Baghpat,5,2020-04-12,Bt,0.0
Uttar Pradesh,Shamli,17,2020-04-12,Si,0.0
Uttar Pradesh,Meerut,48,2020-04-12,Mt,0.0
Uttar Pradesh,Bareilly,6,2020-04-12,By,0.0
Uttar Pradesh,Bulandshahr,11,2020-04-12,Br,0.0
Uttar Pradesh,Basti,9,2020-04-12,Bi,0.0
Uttar Pradesh,Hardoi,2,2020-04-12,Hi,0.0
Uttar Pradesh,Shahjahanpur,1,2020-04-12,Sr,0.0
Uttar Pradesh,Firozabad,11,2020-04-12,Fd,0.0
Uttar Pradesh,Azamgarh,4,2020-04-12,Ah,0.0
Uttar Pradesh,Saharanpur,21,2020-04-12,Sr,0.0
Uttar Pradesh,Pratapgarh,6,2020-04-12,Ph,0.0
Uttar Pradesh,Hapur,6,2020-04-12,Hr,0.0
Uttar Pradesh,Ghazipur,5,2020-04-12,Gr,0.0
Uttar Pradesh,Banda,2,2020-04-12,Ba,0.0
Uttar Pradesh,Mahrajganj,6,2020-04-12,Mj,0.0
Uttar Pradesh,Hathras,4,2020-04-12,Hs,0.0
Uttar Pradesh,Mirzapur,2,2020-04-12,Mr,0.0
Uttar Pradesh,Rae Bareli,2,2020-04-12,Ri,0.0
Uttar Pradesh,Bara Banki,1,2020-04-12,Bi,0.0
Uttar Pradesh,Auraiya,3,2020-04-12,Aa,0.0
Uttar Pradesh,Mathura,5,2020-04-12,Ma,0.0
Uttar Pradesh,Budaun,2,2020-04-12,Bn,0.0
Uttar Pradesh,Kaushambi,2,2020-04-12,Ki,0.0
Uttar Pradesh,Bijnor,1,2020-04-12,Br,0.0
Uttar Pradesh,Prayagraj,1,2020-04-12,Pj,0.0
Uttar Pradesh,Sitapur,10,2020-04-12,Sr,0.0
Uttar Pradesh,Muzaffarnagar,6,2020-04-12,Mr,0.0
Uttar Pradesh,Amroha,7,2020-04-12,Aa,0.0
Uttar Pradesh,Rampur,6,2020-04-12,Rr,0.0
Uttar Pradesh,Bhadohi,1,2020-04-12,Bi,0.0
Uttar Pradesh,Unknown,31,2020-04-12,Un,0.0
Ladakh,Leh,12,2020-04-12,Lh,0.0
Ladakh,Kargil,3,2020-04-12,Kl,0.0
Tamil Nadu,Kancheepuram,7,2020-04-12,Km,0.0
Tamil Nadu,Chennai,200,2020-04-12,Ci,9.89010989010989
Tamil Nadu,Erode,64,2020-04-12,Ee,6.666666666666667
Tamil Nadu,Coimbatore,119,2020-04-12,Ce,22.68041237113402
Tamil Nadu,Tirunelveli,58,2020-04-12,Ti,0.0
Tamil Nadu,Tiruppur,61,2020-04-12,Tr,134.6153846153846
Tamil Nadu,Madurai,25,2020-04-12,Mi,0.0
Tamil Nadu,Chengalpattu,42,2020-04-12,Cu,5.0
Tamil Nadu,Salem,18,2020-04-12,Sm,28.57142857142857
Tamil Nadu,Ranipet,38,2020-04-12,Rt,5.555555555555555
Tamil Nadu,Thanjavur,11,2020-04-12,Tr,0.0
Tamil Nadu,Vellore,12,2020-04-12,Ve,9.090909090909092
Tamil Nadu,Virudhunagar,11,2020-04-12,Vr,0.0
Tamil Nadu,Karur,25,2020-04-12,Kr,13.636363636363635
Tamil Nadu,Tiruvannamalai,7,2020-04-12,Ti,0.0
Tamil Nadu,Viluppuram,27,2020-04-12,Vm,0.0
Tamil Nadu,Namakkal,45,2020-04-12,Nl,9.75609756097561
Tamil Nadu,Kanniyakumari,15,2020-04-12,Ki,0.0
Tamil Nadu,Thoothukkudi,24,2020-04-12,Ti,0.0
Tamil Nadu,Theni,41,2020-04-12,Ti,0.0
Tamil Nadu,Dindigul,56,2020-04-12,Dl,1.8181818181818181
Tamil Nadu,Sivaganga,6,2020-04-12,Sa,0.0
Tamil Nadu,Tirupathur,16,2020-04-12,Tr,0.0
Tamil Nadu,Thiruvarur,13,2020-04-12,Tr,0.0
Tamil Nadu,Ramanathapuram,2,2020-04-12,Rm,0.0
Tamil Nadu,Thiruvallur,30,2020-04-12,Tr,3.4482758620689653
Tamil Nadu,Nagapattinam,24,2020-04-12,Nm,0.0
Tamil Nadu,Cuddalore,19,2020-04-12,Ce,26.666666666666668
Tamil Nadu,Kallakurichi,3,2020-04-12,Ki,0.0
Tamil Nadu,Perambalur,1,2020-04-12,Pr,0.0
Tamil Nadu,Tiruchirappalli,43,2020-04-12,Ti,10.256410256410255
Tamil Nadu,The Nilgiris,9,2020-04-12,Ts,0.0
Tamil Nadu,Ariyalur,1,2020-04-12,Ar,0.0
Tamil Nadu,Tenkasi,2,2020-04-12,Ti,100.0
Jammu and Kashmir,Jammu,21,2020-04-12,Ju,-12.5
Jammu and Kashmir,Srinagar,28,2020-04-12,Sr,64.70588235294117
Jammu and Kashmir,Bandipore,44,2020-04-12,Be,388.88888888888886
Jammu and Kashmir,Rajouri,3,2020-04-12,Ri,0.0
Jammu and Kashmir,Badgam,11,2020-04-12,Bm,450.0
Jammu and Kashmir,Baramula,36,2020-04-12,Ba,3500.0
Jammu and Kashmir,Shupiyan,15,2020-04-12,Sn,650.0
Jammu and Kashmir,Unknown,8,2020-04-12,Un,-93.89312977099237
Jammu and Kashmir,Udhampur,18,2020-04-12,Ur,500.0
Jammu and Kashmir,Kashmir,20,2020-04-12,Kr,-37.5
Jammu and Kashmir,Pulwama,3,2020-04-12,Pa,-37.5 
Jammu and Kashmir,Kupwara,23,2020-04-12,Ka,-37.5
Jammu and Kashmir,Ganderbal,5,2020-04-12,Gl,-37.5
Jammu and Kashmir,Kulgam,4,2020-04-12,Km,-37.5
Jammu and Kashmir,Kishtwar,1,2020-04-12,Kr,-37.5
Jammu and Kashmir,Samba,4,2020-04-12,Sa,-37.5
Jammu and Kashmir,Budaun,1,2020-04-12,Bn,-37.5
Karnataka,Bengaluru,76,2020-04-12,Bu,11.76470588235294
Karnataka,Kalaburagi,13,2020-04-12,Ki,30.0
Karnataka,Kodagu,1,2020-04-12,Ku,0.0
Karnataka,Mysuru,48,2020-04-12,Mu,2.127659574468085
Karnataka,Dharwad,2,2020-04-12,Dd,0.0
Karnataka,Uttara Kannada,9,2020-04-12,Ua,-10.0
Karnataka,Dakshina Kannada,12,2020-04-12,Da,20.0
Karnataka,Chikkaballapura,9,2020-04-12,Ca,-25.0
Karnataka,Udupi,3,2020-04-12,Ui,-25.0
Karnataka,Davanagere,3,2020-04-12,De,50.0
Karnataka,Tumakuru,1,2020-04-12,Tu,-50.0
Karnataka,Ballari,6,2020-04-12,Bi,0.0
Karnataka,Bidar,11,2020-04-12,Br,0.0
Karnataka,Bagalkote,8,2020-04-12,Be,0.0
Karnataka,Belagavi,14,2020-04-12,Bi,40.0
Karnataka,Bengaluru Rural,4,2020-04-12,Bl,-20.0
Karnataka,Gadag,1,2020-04-12,Gg,0.0
Karnataka,Mandya,5,2020-04-12,Ma,0.0
Karnataka,Vijayapura,6,2020-04-12,Va,0.0
Maharashtra,Pune,261,2020-04-12,Pe,1.556420233463035
Maharashtra,Mumbai,1259,2020-04-12,Mi,9.860383944153577
Maharashtra,Nagpur,25,2020-04-12,Nr,0.0
Maharashtra,Ahmadnagar,26,2020-04-12,Ar,0.0
Maharashtra,Thane,145,2020-04-12,Te,1.3986013986013985
Maharashtra,Raigarh,8,2020-04-12,Rh,14.285714285714285
Maharashtra,Yavatmal,4,2020-04-12,Yl,0.0
Maharashtra,Aurangabad,19,2020-04-12,Ad,0.0
Maharashtra,Ratnagiri,5,2020-04-12,Ri,0.0
Maharashtra,Palghar,18,2020-04-12,Pr,0.0
Maharashtra,Sangli,26,2020-04-12,Si,0.0
Maharashtra,Satara,6,2020-04-12,Sa,0.0
Maharashtra,Sindhudurg,1,2020-04-12,Sg,0.0
Maharashtra,Gondiya,1,2020-04-12,Ga,0.0
Maharashtra,Kolhapur,6,2020-04-12,Kr,0.0
Maharashtra,Other States*,9,2020-04-12,O*,0.0
Maharashtra,Jalgaon,2,2020-04-12,Jn,0.0
Maharashtra,Buldana,13,2020-04-12,Ba,0.0
Maharashtra,Nashik,14,2020-04-12,Nk,0.0
Maharashtra,Osmanabad,4,2020-04-12,Od,0.0
Maharashtra,Washim,1,2020-04-12,Wm,0.0
Maharashtra,Hingoli,1,2020-04-12,Hi,0.0
Maharashtra,Amravati,4,2020-04-12,Ai,0.0
Maharashtra,Latur,8,2020-04-12,Lr,0.0
Maharashtra,Jalna,1,2020-04-12,Ja,0.0
Maharashtra,Akola,12,2020-04-12,Aa,0.0
Maharashtra,Bid,1,2020-04-12,Bd,0.0
Maharashtra,Dhule,1,2020-04-12,De,0.0
Maharashtra,Unknown,101,2020-04-12,Un,0.0
Punjab,Amritsar,11,2020-04-12,Ar,0.0
Punjab,Shahid Bhagat Singh Nagar,19,2020-04-12,Sr,0.0
Punjab,S.A.S. Nagar,53,2020-04-12,Sr,6.0
Punjab,Hoshiarpur,7,2020-04-12,Hr,0.0
Punjab,Jalandhar,22,2020-04-12,Jr,46.666666666666664
Punjab,Ludhiana,10,2020-04-12,La,0.0
Punjab,Patiala,2,2020-04-12,Pa,0.0
Punjab,Rupnagar,3,2020-04-12,Rr,0.0
Punjab,Mansa,11,2020-04-12,Ma,0.0
Punjab,Pathankot,16,2020-04-12,Pt,0.0
Punjab,Faridkot,3,2020-04-12,Ft,50.0
Punjab,Barnala,2,2020-04-12,Ba,0.0
Punjab,Fatehgarh Sahib,2,2020-04-12,Fb,0.0
Punjab,Kapurthala,2,2020-04-12,Ka,100.0
Punjab,Moga,4,2020-04-12,Ma,0.0
Punjab,Sri Muktsar Sahib,1,2020-04-12,Sb,0.0
Punjab,Sangrur,2,2020-04-12,Sr,0.0
Andhra Pradesh,S.P.S. Nellore,52,2020-04-12,Se,8.333333333333332
Andhra Pradesh,Prakasam,41,2020-04-12,Pm,0.0
Andhra Pradesh,Visakhapatnam,20,2020-04-12,Vm,0.0
Andhra Pradesh,East Godavari,17,2020-04-12,Ei,0.0
Andhra Pradesh,Krishna,35,2020-04-12,Ka,0.0
Andhra Pradesh,Chittoor,21,2020-04-12,Cr,5.0
Andhra Pradesh,Guntur,82,2020-04-12,Gr,9.333333333333334
Andhra Pradesh,Kurnool,84,2020-04-12,Kl,2.4390243902439024
Andhra Pradesh,Anantapur,15,2020-04-12,Ar,0.0
Andhra Pradesh,West Godavari,22,2020-04-12,Wi,0.0
Andhra Pradesh,Y.S.R.,31,2020-04-12,Y.,3.3333333333333335
Uttarakhand,Dehradun,18,2020-04-12,Dn,28.57142857142857
Uttarakhand,Pauri Garhwal,2,2020-04-12,Pl,0.0
Uttarakhand,Udham Singh Nagar,3,2020-04-12,Ur,0.0
Uttarakhand,Nainital,8,2020-04-12,Nl,33.33333333333333
Uttarakhand,Haridwar,3,2020-04-12,Hr,0.0
Uttarakhand,Almora,1,2020-04-12,Aa,0.0
Odisha,Khordha,41,2020-04-12,Ka,5.128205128205128
Odisha,Bhadrak,3,2020-04-12,Bk,0.0
Odisha,Cuttack,1,2020-04-12,Ck,0.0
Odisha,Puri,1,2020-04-12,Pi,0.0
Odisha,Jajapur,1,2020-04-12,Jr,0.0
Odisha,Kalahandi,2,2020-04-12,Ki,0.0
Odisha,Kendrapara,2,2020-04-12,Ka,100.0
Odisha,Dhenkanal,1,2020-04-12,Dl,0.0
Odisha,Sundargarh,2,2020-04-12,Sh,0.0
Puducherry,Mahe,1,2020-04-12,Me,0.0
Puducherry,Puducherry,6,2020-04-12,Py,0.0
West Bengal,Kolkata,11,2020-04-12,Ka,0.0
West Bengal,North 24 Parganas,4,2020-04-12,Ns,0.0
West Bengal,Nadia,5,2020-04-12,Na,0.0
West Bengal,Medinipur East,3,2020-04-12,Mt,0.0
West Bengal,Kalimpong,1,2020-04-12,Kg,0.0
West Bengal,Hooghly,1,2020-04-12,Hy,0.0
West Bengal,Howrah,1,2020-04-12,Hh,0.0
West Bengal,South 24 Parganas,1,2020-04-12,Ss,0.0
West Bengal,Unknown,107,2020-04-12,Un,8.080808080808081
Chandigarh,Chandigarh,21,2020-04-12,Ch,10.526315789473683
Chhattisgarh,Raipur,5,2020-04-12,Rr,0.0
Chhattisgarh,Rajnandgaon,1,2020-04-12,Rn,0.0
Chhattisgarh,Bilaspur,1,2020-04-12,Br,0.0
Chhattisgarh,Durg,1,2020-04-12,Dg,0.0
Chhattisgarh,Korba,10,2020-04-12,Ka,0.0
Chhattisgarh,Unknown,7,2020-04-12,Un,0.0
Gujarat,Rajkot,18,2020-04-12,Rt,0.0
Gujarat,Surat,28,2020-04-12,St,0.0
Gujarat,Ahmadabad,282,2020-04-12,Ad,16.049382716049383
Gujarat,Vadodara,101,2020-04-12,Va,6.315789473684211
Gujarat,Gandhinagar,15,2020-04-12,Gr,0.0
Gujarat,Kachchh,4,2020-04-12,Kh,0.0
Gujarat,Mahesana,2,2020-04-12,Ma,0.0
Gujarat,Bhavnagar,23,2020-04-12,Br,0.0
Gujarat,Porbandar,3,2020-04-12,Pr,0.0
Gujarat,Gir Somnath,2,2020-04-12,Gh,0.0
Gujarat,Panch Mahals,1,2020-04-12,Ps,0.0
Gujarat,Patan,14,2020-04-12,Pn,0.0
Gujarat,Chota Udaipur,3,2020-04-12,Cr,0.0
Gujarat,Jamnagar,1,2020-04-12,Jr,0.0
Gujarat,Morbi,1,2020-04-12,Mi,0.0
Gujarat,Anand,8,2020-04-12,Ad,60.0
Gujarat,Sabar Kantha,1,2020-04-12,Sa,0.0
Gujarat,Dahod,1,2020-04-12,Dd,0.0
Gujarat,Bharuch,8,2020-04-12,Bh,0.0
Himachal Pradesh,Kangra,4,2020-04-12,Ka,33.33333333333333
Himachal Pradesh,Una,14,2020-04-12,Ua,16.666666666666664
Himachal Pradesh,Solan,9,2020-04-12,Sn,16.666666666666664
Himachal Pradesh,Chamba,4,2020-04-12,Ca,16.666666666666664
Himachal Pradesh,Sirmaur,1,2020-04-12,Sr,0.0
Madhya Pradesh,Jabalpur,9,2020-04-12,Jr,0.0
Madhya Pradesh,Bhopal,134,2020-04-12,Bl,15.517241379310345
Madhya Pradesh,Indore,311,2020-04-12,Ie,32.340425531914896
Madhya Pradesh,Ujjain,15,2020-04-12,Un,0.0
Madhya Pradesh,Gwalior,6,2020-04-12,Gr,0.0
Madhya Pradesh,Shivpuri,2,2020-04-12,Si,0.0
Madhya Pradesh,Chhindwara,2,2020-04-12,Ca,0.0
Madhya Pradesh,Morena,13,2020-04-12,Ma,0.0
Madhya Pradesh,Khargone,14,2020-04-12,Ke,0.0
Madhya Pradesh,Barwani,14,2020-04-12,Bi,0.0
Madhya Pradesh,Betul,1,2020-04-12,Bl,0.0
Madhya Pradesh,Vidisha,13,2020-04-12,Va,225.0
Madhya Pradesh,Other Region*,1,2020-04-12,O*,0.0
Madhya Pradesh,Sheopur,2,2020-04-12,Sr,100.0
Madhya Pradesh,Khandwa,6,2020-04-12,Ka,20.0
Madhya Pradesh,Dhar,1,2020-04-12,Dr,0.0
Madhya Pradesh,Hoshangabad,10,2020-04-12,Hd,66.66666666666666
Madhya Pradesh,Raisen,1,2020-04-12,Rn,0.0
Madhya Pradesh,Dewas,3,2020-04-12,Ds,0.0
Madhya Pradesh,Sagar,1,2020-04-12,Sr,0.0
Madhya Pradesh,Shajapur,1,2020-04-12,Sr,0.0
Madhya Pradesh,Ratlam,1,2020-04-12,Rm,0.0
Madhya Pradesh,Mandsaur,1,2020-04-12,Mr,0.0
Bihar,Munger,7,2020-04-12,Mr,0.0
Bihar,Patna,5,2020-04-12,Pa,0.0
Bihar,Siwan,29,2020-04-12,Sn,0.0
Bihar,Nalanda,2,2020-04-12,Na,0.0
Bihar,Lakhisarai,1,2020-04-12,Li,0.0
Bihar,Gopalganj,3,2020-04-12,Gj,0.0
Bihar,Gaya,5,2020-04-12,Ga,0.0
Bihar,Begusarai,7,2020-04-12,Bi,0.0
Bihar,Saran,1,2020-04-12,Sn,0.0
Bihar,Bhagalpur,1,2020-04-12,Br,0.0
Bihar,Nawada,3,2020-04-12,Na,0.0
Manipur,Imphal West,1,2020-04-12,It,0.0
Manipur,Unknown,1,2020-04-12,Un,0.0
Mizoram,Aizawl,1,2020-04-12,Al,0.0
Goa,North Goa,4,2020-04-12,Na,0.0
Goa,Unknown,3,2020-04-12,Un,0.0
Andaman and Nicobar Islands,South Andaman,5,2020-04-12,Sn,0.0
Andaman and Nicobar Islands,North and Middle Andaman,1,2020-04-12,Nn,0.0
Andaman and Nicobar Islands,Unknown,5,2020-04-12,Un,0.0
Jharkhand,Ranchi,8,2020-04-12,Ri,0.0
Jharkhand,Hazaribagh,2,2020-04-12,Hh,0.0
Jharkhand,Bokaro,8,2020-04-12,Bo,33.33333333333333
Jharkhand,Kodarma,1,2020-04-12,Ka,0.0
Assam,Cachar,2,2020-04-12,Cr,0.0
Assam,Kamrup Metropolitan,5,2020-04-12,Kn,0.0
Assam,Jorhat,8,2020-04-12,Jt,0.0
Assam,Goalpara,3,2020-04-12,Ga,0.0
Assam,Nalbari,3,2020-04-12,Ni,0.0
Assam,South Salmara Mancachar,1,2020-04-12,Sr,0.0
Assam,Kamrup,1,2020-04-12,Kp,0.0
Assam,Morigaon,1,2020-04-12,Mn,0.0
Assam,Golaghat,1,2020-04-12,Gt,0.0
Assam,Lakhimpur,1,2020-04-12,Lr,0.0
Assam,Dhubri,2,2020-04-12,Di,0.0
Assam,Hailakandi,1,2020-04-12,Hi,0.0
Arunachal Pradesh,Lohit,1,2020-04-12,Lt,0.0
Dadra and Nagar Haveli,Unknown,1,2020-04-12,Un,0.0
Tripura,Gomati,1,2020-04-12,Gi,0.0
Tripura,North Tripura,1,2020-04-12,Na,0.0
Kerala,Thrissur,13,2020-04-13,Tr,0.0
Kerala,Alappuzha,5,2020-04-13,Aa,0.0
Kerala,Kasaragod,166,2020-04-13,Kd,0.0
Kerala,Pathanamthitta,17,2020-04-13,Pa,0.0
Kerala,Kannur,71,2020-04-13,Kr,0.0
Kerala,Ernakulam,24,2020-04-13,Em,0.0
Kerala,Kottayam,3,2020-04-13,Km,0.0
Kerala,Thiruvananthapuram,14,2020-04-13,Tm,0.0
Kerala,Idukki,10,2020-04-13,Ii,0.0
Kerala,Malappuram,20,2020-04-13,Mm,0.0
Kerala,Kozhikode,13,2020-04-13,Ke,0.0
Kerala,Palakkad,7,2020-04-13,Pd,0.0
Kerala,Wayanad,3,2020-04-13,Wd,0.0
Kerala,Kollam,9,2020-04-13,Km,0.0
Delhi,East Delhi,1,2020-04-13,Ei,0.0
Delhi,South West Delhi,3,2020-04-13,Si,0.0
Delhi,West Delhi,2,2020-04-13,Wi,0.0
Delhi,North Delhi,3,2020-04-13,Ni,0.0
Delhi,New Delhi,5,2020-04-13,Ni,0.0
Delhi,South Delhi,26,2020-04-13,Si,0.0
Delhi,North East Delhi,1,2020-04-13,Ni,0.0
Delhi,North West Delhi,3,2020-04-13,Ni,0.0
Delhi,Unknown,1110,2020-04-13,Un,0.0
Telangana,Hyderabad,197,2020-04-13,Hd,0.0
Telangana,Karimnagar,18,2020-04-13,Kr,0.0
Telangana,Bhadradri Kothagudem,4,2020-04-13,Bm,0.0
Telangana,Ranga Reddy,34,2020-04-13,Ry,0.0
Telangana,Medchal Malkajgiri,23,2020-04-13,Mi,0.0
Telangana,Unknown,60,2020-04-13,Un,0.0
Telangana,Rajanna Sircilla,1,2020-04-13,Ra,0.0
Telangana,Khammam,2,2020-04-13,Km,0.0
Telangana,Warangal Urban,24,2020-04-13,Wn,0.0
Telangana,Vikarabad,8,2020-04-13,Vd,0.0
Telangana,Suryapet,9,2020-04-13,St,0.0
Telangana,Siddipet,1,2020-04-13,St,0.0
Telangana,Sangareddy,7,2020-04-13,Sy,0.0
Telangana,Nizamabad,49,2020-04-13,Nd,0.0
Telangana,Medak,5,2020-04-13,Mk,0.0
Telangana,Mahabubnagar,10,2020-04-13,Mr,0.0
Telangana,Mahabubabad,1,2020-04-13,Md,0.0
Telangana,Adilabad,10,2020-04-13,Ad,0.0
Telangana,Nirmal,15,2020-04-13,Nl,0.0
Telangana,Peddapalli,2,2020-04-13,Pi,0.0
Telangana,Jagitial,2,2020-04-13,Jl,0.0
Telangana,Jogulamba Gadwal,19,2020-04-13,Jl,0.0
Telangana,Nalgonda,12,2020-04-13,Na,0.0
Telangana,Nagarkurnool,2,2020-04-13,Nl,0.0
Telangana,Mulugu,2,2020-04-13,Mu,0.0
Telangana,Kamareddy,10,2020-04-13,Ky,0.0
Telangana,Jayashankar,2,2020-04-13,Jr,0.0
Telangana,Jangoan,2,2020-04-13,Jn,0.0
Rajasthan,Italians*,2,2020-04-13,I*,0.0
Rajasthan,Jaipur,341,2020-04-13,Jr,0.0
Rajasthan,Jhunjhunu,31,2020-04-13,Ju,0.0
Rajasthan,Bhilwara,28,2020-04-13,Ba,0.0
Rajasthan,Jodhpur,51,2020-04-13,Jr,0.0
Rajasthan,Pali,2,2020-04-13,Pi,0.0
Rajasthan,Sikar,2,2020-04-13,Sr,0.0
Rajasthan,Pratapgarh,2,2020-04-13,Ph,0.0
Rajasthan,Dungarpur,5,2020-04-13,Dr,0.0
Rajasthan,Churu,14,2020-04-13,Cu,0.0
Rajasthan,Ajmer,5,2020-04-13,Ar,0.0
Rajasthan,Evacuees,50,2020-04-13,Es,0.0
Rajasthan,Alwar,7,2020-04-13,Ar,0.0
Rajasthan,Tonk,59,2020-04-13,Tk,0.0
Rajasthan,Dhaulpur,1,2020-04-13,Dr,0.0
Rajasthan,Udaipur,4,2020-04-13,Ur,0.0
Rajasthan,Bharatpur,19,2020-04-13,Br,111.11111111111111
Rajasthan,Bikaner,34,2020-04-13,Br,0.0
Rajasthan,Dausa,8,2020-04-13,Da,0.0
Rajasthan,Banswara,53,2020-04-13,Ba,1.9230769230769231
Rajasthan,Karauli,3,2020-04-13,Ki,0.0
Rajasthan,Nagaur,6,2020-04-13,Nr,0.0
Rajasthan,Jaisalmer,29,2020-04-13,Jr,0.0
Rajasthan,Kota,40,2020-04-13,Ka,0.0
Rajasthan,Jhalawar,14,2020-04-13,Jr,0.0
Rajasthan,Barmer,1,2020-04-13,Br,0.0
Rajasthan,Hanumangarh,2,2020-04-13,Hh,0.0
Rajasthan,Evacuees*,2,2020-04-13,E*,0.0
Haryana,Italians*,14,2020-04-13,I*,0.0
Haryana,Gurugram,32,2020-04-13,Gm,0.0
Haryana,Faridabad,31,2020-04-13,Fd,0.0
Haryana,Panipat,4,2020-04-13,Pt,0.0
Haryana,Panchkula,5,2020-04-13,Pa,0.0
Haryana,Sonipat,3,2020-04-13,St,0.0
Haryana,Palwal,29,2020-04-13,Pl,0.0
Haryana,Ambala,7,2020-04-13,Aa,0.0
Haryana,Sirsa,3,2020-04-13,Sa,0.0
Haryana,Hisar,2,2020-04-13,Hr,0.0
Haryana,Rohtak,1,2020-04-13,Rk,0.0
Haryana,Nuh,45,2020-04-13,Nh,0.0
Haryana,Karnal,6,2020-04-13,Kl,0.0
Haryana,Bhiwani,2,2020-04-13,Bi,0.0
Haryana,Kaithal,2,2020-04-13,Kl,0.0
Haryana,Charki Dadri,1,2020-04-13,Ci,0.0
Haryana,Jind,2,2020-04-13,Jd,0.0
Haryana,Fatehabad,1,2020-04-13,Fd,0.0
Haryana,Kurukshetra,2,2020-04-13,Ka,0.0
Haryana,Yamunanagar,3,2020-04-13,Yr,0.0
Uttar Pradesh,Agra,104,2020-04-13,Aa,13.043478260869565
Uttar Pradesh,Ghaziabad,27,2020-04-13,Gd,0.0
Uttar Pradesh,Lucknow,29,2020-04-13,Lw,0.0
Uttar Pradesh,Gautam Buddha Nagar,62,2020-04-13,Gr,0.0
Uttar Pradesh,Kheri,4,2020-04-13,Ki,0.0
Uttar Pradesh,Moradabad,2,2020-04-13,Md,100.0
Uttar Pradesh,Varanasi,9,2020-04-13,Vi,0.0
Uttar Pradesh,Kanpur Nagar,9,2020-04-13,Kr,0.0
Uttar Pradesh,Pilibhit,2,2020-04-13,Pt,0.0
Uttar Pradesh,Jaunpur,4,2020-04-13,Jr,0.0
Uttar Pradesh,Baghpat,7,2020-04-13,Bt,40.0
Uttar Pradesh,Shamli,17,2020-04-13,Si,0.0
Uttar Pradesh,Meerut,51,2020-04-13,Mt,6.25
Uttar Pradesh,Bareilly,6,2020-04-13,By,0.0
Uttar Pradesh,Bulandshahr,11,2020-04-13,Br,0.0
Uttar Pradesh,Basti,9,2020-04-13,Bi,0.0
Uttar Pradesh,Hardoi,2,2020-04-13,Hi,0.0
Uttar Pradesh,Shahjahanpur,1,2020-04-13,Sr,0.0
Uttar Pradesh,Firozabad,15,2020-04-13,Fd,36.36363636363637
Uttar Pradesh,Azamgarh,4,2020-04-13,Ah,0.0
Uttar Pradesh,Saharanpur,28,2020-04-13,Sr,33.33333333333333
Uttar Pradesh,Pratapgarh,6,2020-04-13,Ph,0.0
Uttar Pradesh,Hapur,6,2020-04-13,Hr,0.0
Uttar Pradesh,Ghazipur,5,2020-04-13,Gr,0.0
Uttar Pradesh,Banda,2,2020-04-13,Ba,0.0
Uttar Pradesh,Mahrajganj,6,2020-04-13,Mj,0.0
Uttar Pradesh,Hathras,4,2020-04-13,Hs,0.0
Uttar Pradesh,Mirzapur,2,2020-04-13,Mr,0.0
Uttar Pradesh,Rae Bareli,2,2020-04-13,Ri,0.0
Uttar Pradesh,Bara Banki,1,2020-04-13,Bi,0.0
Uttar Pradesh,Auraiya,3,2020-04-13,Aa,0.0
Uttar Pradesh,Mathura,6,2020-04-13,Ma,20.0
Uttar Pradesh,Budaun,2,2020-04-13,Bn,0.0
Uttar Pradesh,Kaushambi,2,2020-04-13,Ki,0.0
Uttar Pradesh,Bijnor,1,2020-04-13,Br,0.0
Uttar Pradesh,Prayagraj,1,2020-04-13,Pj,0.0
Uttar Pradesh,Sitapur,10,2020-04-13,Sr,0.0
Uttar Pradesh,Muzaffarnagar,7,2020-04-13,Mr,16.666666666666664
Uttar Pradesh,Amroha,7,2020-04-13,Aa,0.0
Uttar Pradesh,Rampur,6,2020-04-13,Rr,0.0
Uttar Pradesh,Bhadohi,1,2020-04-13,Bi,0.0
Ladakh,Leh,12,2020-04-13,Lh,0.0
Ladakh,Kargil,3,2020-04-13,Kl,0.0
Tamil Nadu,Kancheepuram,7,2020-04-13,Km,0.0
Tamil Nadu,Chennai,200,2020-04-13,Ci,0.0
Tamil Nadu,Erode,64,2020-04-13,Ee,0.0
Tamil Nadu,Coimbatore,119,2020-04-13,Ce,0.0
Tamil Nadu,Tirunelveli,58,2020-04-13,Ti,0.0
Tamil Nadu,Tiruppur,61,2020-04-13,Tr,0.0
Tamil Nadu,Madurai,25,2020-04-13,Mi,0.0
Tamil Nadu,Chengalpattu,42,2020-04-13,Cu,0.0
Tamil Nadu,Salem,18,2020-04-13,Sm,0.0
Tamil Nadu,Ranipet,38,2020-04-13,Rt,0.0
Tamil Nadu,Thanjavur,11,2020-04-13,Tr,0.0
Tamil Nadu,Vellore,12,2020-04-13,Ve,0.0
Tamil Nadu,Virudhunagar,11,2020-04-13,Vr,0.0
Tamil Nadu,Karur,25,2020-04-13,Kr,0.0
Tamil Nadu,Tiruvannamalai,7,2020-04-13,Ti,0.0
Tamil Nadu,Viluppuram,27,2020-04-13,Vm,0.0
Tamil Nadu,Namakkal,45,2020-04-13,Nl,0.0
Tamil Nadu,Kanniyakumari,15,2020-04-13,Ki,0.0
Tamil Nadu,Thoothukkudi,24,2020-04-13,Ti,0.0
Tamil Nadu,Theni,41,2020-04-13,Ti,0.0
Tamil Nadu,Dindigul,56,2020-04-13,Dl,0.0
Tamil Nadu,Sivaganga,6,2020-04-13,Sa,0.0
Tamil Nadu,Tirupathur,16,2020-04-13,Tr,0.0
Tamil Nadu,Thiruvarur,13,2020-04-13,Tr,0.0
Tamil Nadu,Ramanathapuram,2,2020-04-13,Rm,0.0
Tamil Nadu,Thiruvallur,30,2020-04-13,Tr,0.0
Tamil Nadu,Nagapattinam,24,2020-04-13,Nm,0.0
Tamil Nadu,Cuddalore,19,2020-04-13,Ce,0.0
Tamil Nadu,Kallakurichi,3,2020-04-13,Ki,0.0
Tamil Nadu,Perambalur,1,2020-04-13,Pr,0.0
Tamil Nadu,Tiruchirappalli,43,2020-04-13,Ti,0.0
Tamil Nadu,The Nilgiris,9,2020-04-13,Ts,0.0
Tamil Nadu,Ariyalur,1,2020-04-13,Ar,0.0
Tamil Nadu,Tenkasi,2,2020-04-13,Ti,0.0
Jammu and Kashmir,Jammu,21,2020-04-13,Ju,0.0
Jammu and Kashmir,Srinagar,28,2020-04-13,Sr,0.0
Jammu and Kashmir,Bandipore,44,2020-04-13,Be,0.0
Jammu and Kashmir,Rajouri,3,2020-04-13,Ri,0.0
Jammu and Kashmir,Badgam,11,2020-04-13,Bm,0.0
Jammu and Kashmir,Baramula,36,2020-04-13,Ba,0.0
Jammu and Kashmir,Shupiyan,15,2020-04-13,Sn,0.0
Jammu and Kashmir,Unknown,8,2020-04-13,Un,0.0
Jammu and Kashmir,Udhampur,18,2020-04-13,Ur,0.0
Jammu and Kashmir,Kashmir,20,2020-04-13,Kr,0.0
Jammu and Kashmir,Pulwama,3,2020-04-13,Pa,0.0
Jammu and Kashmir,Kupwara,23,2020-04-13,Ka,0.0
Jammu and Kashmir,Ganderbal,5,2020-04-13,Gl,0.0
Jammu and Kashmir,Kulgam,4,2020-04-13,Km,0.0
Jammu and Kashmir,Kishtwar,1,2020-04-13,Kr,0.0
Jammu and Kashmir,Samba,4,2020-04-13,Sa,0.0
Jammu and Kashmir,Budaun,1,2020-04-13,Bn,0.0
Karnataka,Bengaluru,77,2020-04-13,Bu,1.3157894736842104
Karnataka,Kalaburagi,13,2020-04-13,Ki,0.0
Karnataka,Kodagu,1,2020-04-13,Ku,0.0
Karnataka,Mysuru,48,2020-04-13,Mu,0.0
Karnataka,Dharwad,6,2020-04-13,Dd,200.0
Karnataka,Uttara Kannada,9,2020-04-13,Ua,0.0
Karnataka,Dakshina Kannada,12,2020-04-13,Da,0.0
Karnataka,Chikkaballapura,9,2020-04-13,Ca,0.0
Karnataka,Udupi,3,2020-04-13,Ui,0.0
Karnataka,Davanagere,3,2020-04-13,De,0.0
Karnataka,Tumakuru,1,2020-04-13,Tu,0.0
Karnataka,Ballari,6,2020-04-13,Bi,0.0
Karnataka,Bidar,13,2020-04-13,Br,18.181818181818183
Karnataka,Bagalkote,9,2020-04-13,Be,12.5
Karnataka,Belagavi,17,2020-04-13,Bi,21.428571428571427
Karnataka,Bengaluru Rural,5,2020-04-13,Bl,25.0
Karnataka,Gadag,1,2020-04-13,Gg,0.0
Karnataka,Mandya,8,2020-04-13,Ma,60.0
Karnataka,Vijayapura,6,2020-04-13,Va,0.0
Maharashtra,Pune,263,2020-04-13,Pe,0.7662835249042145
Maharashtra,Mumbai,1298,2020-04-13,Mi,3.0976965845909454
Maharashtra,Nagpur,28,2020-04-13,Nr,12.0
Maharashtra,Ahmadnagar,26,2020-04-13,Ar,0.0
Maharashtra,Thane,185,2020-04-13,Te,27.586206896551722
Maharashtra,Raigarh,12,2020-04-13,Rh,50.0
Maharashtra,Yavatmal,4,2020-04-13,Yl,0.0
Maharashtra,Aurangabad,19,2020-04-13,Ad,0.0
Maharashtra,Ratnagiri,5,2020-04-13,Ri,0.0
Maharashtra,Palghar,25,2020-04-13,Pr,38.88888888888889
Maharashtra,Sangli,26,2020-04-13,Si,0.0
Maharashtra,Satara,6,2020-04-13,Sa,0.0
Maharashtra,Sindhudurg,1,2020-04-13,Sg,0.0
Maharashtra,Gondiya,1,2020-04-13,Ga,0.0
Maharashtra,Kolhapur,6,2020-04-13,Kr,0.0
Maharashtra,Other States*,9,2020-04-13,O*,0.0
Maharashtra,Jalgaon,2,2020-04-13,Jn,0.0
Maharashtra,Buldana,13,2020-04-13,Ba,0.0
Maharashtra,Nashik,18,2020-04-13,Nk,28.57142857142857
Maharashtra,Osmanabad,4,2020-04-13,Od,0.0
Maharashtra,Washim,1,2020-04-13,Wm,0.0
Maharashtra,Hingoli,1,2020-04-13,Hi,0.0
Maharashtra,Amravati,5,2020-04-13,Ai,25.0
Maharashtra,Latur,8,2020-04-13,Lr,0.0
Maharashtra,Jalna,1,2020-04-13,Ja,0.0
Maharashtra,Akola,12,2020-04-13,Aa,0.0
Maharashtra,Bid,1,2020-04-13,Bd,0.0
Maharashtra,Dhule,1,2020-04-13,De,0.0
Maharashtra,Solapur,1,2020-04-13,Sr,0.0
Punjab,Amritsar,11,2020-04-13,Ar,0.0
Punjab,Shahid Bhagat Singh Nagar,19,2020-04-13,Sr,0.0
Punjab,S.A.S. Nagar,53,2020-04-13,Sr,0.0
Punjab,Hoshiarpur,7,2020-04-13,Hr,0.0
Punjab,Jalandhar,22,2020-04-13,Jr,0.0
Punjab,Ludhiana,10,2020-04-13,La,0.0
Punjab,Patiala,2,2020-04-13,Pa,0.0
Punjab,Rupnagar,3,2020-04-13,Rr,0.0
Punjab,Mansa,11,2020-04-13,Ma,0.0
Punjab,Pathankot,16,2020-04-13,Pt,0.0
Punjab,Faridkot,3,2020-04-13,Ft,0.0
Punjab,Barnala,2,2020-04-13,Ba,0.0
Punjab,Fatehgarh Sahib,2,2020-04-13,Fb,0.0
Punjab,Kapurthala,2,2020-04-13,Ka,0.0
Punjab,Moga,4,2020-04-13,Ma,0.0
Punjab,Sri Muktsar Sahib,1,2020-04-13,Sb,0.0
Punjab,Sangrur,2,2020-04-13,Sr,0.0
Andhra Pradesh,S.P.S. Nellore,52,2020-04-13,Se,0.0
Andhra Pradesh,Prakasam,41,2020-04-13,Pm,0.0
Andhra Pradesh,Visakhapatnam,20,2020-04-13,Vm,0.0
Andhra Pradesh,East Godavari,17,2020-04-13,Ei,0.0
Andhra Pradesh,Krishna,35,2020-04-13,Ka,0.0
Andhra Pradesh,Chittoor,21,2020-04-13,Cr,0.0
Andhra Pradesh,Guntur,82,2020-04-13,Gr,0.0
Andhra Pradesh,Kurnool,84,2020-04-13,Kl,0.0
Andhra Pradesh,Anantapur,15,2020-04-13,Ar,0.0
Andhra Pradesh,West Godavari,22,2020-04-13,Wi,0.0
Andhra Pradesh,Y.S.R.,31,2020-04-13,Y.,0.0
Andhra Pradesh,Unknown,12,2020-04-13,Un,0.0
Uttarakhand,Dehradun,18,2020-04-13,Dn,0.0
Uttarakhand,Pauri Garhwal,2,2020-04-13,Pl,0.0
Uttarakhand,Udham Singh Nagar,3,2020-04-13,Ur,0.0
Uttarakhand,Nainital,8,2020-04-13,Nl,0.0
Uttarakhand,Haridwar,3,2020-04-13,Hr,0.0
Uttarakhand,Almora,1,2020-04-13,Aa,0.0
Odisha,Khordha,41,2020-04-13,Ka,0.0
Odisha,Bhadrak,3,2020-04-13,Bk,0.0
Odisha,Cuttack,1,2020-04-13,Ck,0.0
Odisha,Puri,1,2020-04-13,Pi,0.0
Odisha,Jajapur,1,2020-04-13,Jr,0.0
Odisha,Kalahandi,2,2020-04-13,Ki,0.0
Odisha,Kendrapara,2,2020-04-13,Ka,0.0
Odisha,Dhenkanal,1,2020-04-13,Dl,0.0
Odisha,Sundargarh,2,2020-04-13,Sh,0.0
Puducherry,Mahe,1,2020-04-13,Me,0.0
Puducherry,Puducherry,6,2020-04-13,Py,0.0
West Bengal,Kolkata,11,2020-04-13,Ka,0.0
West Bengal,North 24 Parganas,4,2020-04-13,Ns,0.0
West Bengal,Nadia,5,2020-04-13,Na,0.0
West Bengal,Medinipur East,3,2020-04-13,Mt,0.0
West Bengal,Kalimpong,1,2020-04-13,Kg,0.0
West Bengal,Hooghly,1,2020-04-13,Hy,0.0
West Bengal,Howrah,1,2020-04-13,Hh,0.0
West Bengal,South 24 Parganas,1,2020-04-13,Ss,0.0
West Bengal,Unknown,125,2020-04-13,Un,16.822429906542055
Chandigarh,Chandigarh,21,2020-04-13,Ch,0.0
Chhattisgarh,Raipur,5,2020-04-13,Rr,0.0
Chhattisgarh,Rajnandgaon,1,2020-04-13,Rn,0.0
Chhattisgarh,Bilaspur,1,2020-04-13,Br,0.0
Chhattisgarh,Durg,1,2020-04-13,Dg,0.0
Chhattisgarh,Korba,23,2020-04-13,Ka,130.0
Gujarat,Rajkot,18,2020-04-13,Rt,0.0
Gujarat,Surat,33,2020-04-13,St,17.857142857142858
Gujarat,Ahmadabad,295,2020-04-13,Ad,4.609929078014184
Gujarat,Vadodara,102,2020-04-13,Va,0.9900990099009901
Gujarat,Gandhinagar,15,2020-04-13,Gr,0.0
Gujarat,Kachchh,4,2020-04-13,Kh,0.0
Gujarat,Mahesana,2,2020-04-13,Ma,0.0
Gujarat,Bhavnagar,23,2020-04-13,Br,0.0
Gujarat,Porbandar,3,2020-04-13,Pr,0.0
Gujarat,Gir Somnath,2,2020-04-13,Gh,0.0
Gujarat,Panch Mahals,1,2020-04-13,Ps,0.0
Gujarat,Patan,14,2020-04-13,Pn,0.0
Gujarat,Chota Udaipur,3,2020-04-13,Cr,0.0
Gujarat,Jamnagar,1,2020-04-13,Jr,0.0
Gujarat,Morbi,1,2020-04-13,Mi,0.0
Gujarat,Anand,9,2020-04-13,Ad,12.5
Gujarat,Sabar Kantha,1,2020-04-13,Sa,0.0
Gujarat,Dahod,1,2020-04-13,Dd,0.0
Gujarat,Bharuch,8,2020-04-13,Bh,0.0
Gujarat,Banas Kantha,2,2020-04-13,Ba,0.0
Himachal Pradesh,Kangra,4,2020-04-13,Ka,0.0
Himachal Pradesh,Una,14,2020-04-13,Ua,0.0
Himachal Pradesh,Solan,9,2020-04-13,Sn,0.0
Himachal Pradesh,Chamba,4,2020-04-13,Ca,0.0
Himachal Pradesh,Sirmaur,1,2020-04-13,Sr,0.0
Madhya Pradesh,Jabalpur,9,2020-04-13,Jr,0.0
Madhya Pradesh,Bhopal,134,2020-04-13,Bl,0.0
Madhya Pradesh,Indore,311,2020-04-13,Ie,0.0
Madhya Pradesh,Ujjain,15,2020-04-13,Un,0.0
Madhya Pradesh,Gwalior,6,2020-04-13,Gr,0.0
Madhya Pradesh,Shivpuri,2,2020-04-13,Si,0.0
Madhya Pradesh,Chhindwara,2,2020-04-13,Ca,0.0
Madhya Pradesh,Morena,13,2020-04-13,Ma,0.0
Madhya Pradesh,Khargone,14,2020-04-13,Ke,0.0
Madhya Pradesh,Barwani,14,2020-04-13,Bi,0.0
Madhya Pradesh,Betul,1,2020-04-13,Bl,0.0
Madhya Pradesh,Vidisha,13,2020-04-13,Va,0.0
Madhya Pradesh,Other Region*,1,2020-04-13,O*,0.0
Madhya Pradesh,Sheopur,2,2020-04-13,Sr,0.0
Madhya Pradesh,Khandwa,6,2020-04-13,Ka,0.0
Madhya Pradesh,Dhar,1,2020-04-13,Dr,0.0
Madhya Pradesh,Hoshangabad,10,2020-04-13,Hd,0.0
Madhya Pradesh,Raisen,1,2020-04-13,Rn,0.0
Madhya Pradesh,Dewas,3,2020-04-13,Ds,0.0
Madhya Pradesh,Sagar,1,2020-04-13,Sr,0.0
Madhya Pradesh,Shajapur,1,2020-04-13,Sr,0.0
Madhya Pradesh,Ratlam,1,2020-04-13,Rm,0.0
Madhya Pradesh,Mandsaur,1,2020-04-13,Mr,0.0
Bihar,Munger,7,2020-04-13,Mr,0.0
Bihar,Patna,5,2020-04-13,Pa,0.0
Bihar,Siwan,29,2020-04-13,Sn,0.0
Bihar,Nalanda,2,2020-04-13,Na,0.0
Bihar,Lakhisarai,1,2020-04-13,Li,0.0
Bihar,Gopalganj,3,2020-04-13,Gj,0.0
Bihar,Gaya,5,2020-04-13,Ga,0.0
Bihar,Begusarai,7,2020-04-13,Bi,0.0
Bihar,Saran,1,2020-04-13,Sn,0.0
Bihar,Bhagalpur,1,2020-04-13,Br,0.0
Bihar,Nawada,3,2020-04-13,Na,0.0
Manipur,Imphal West,1,2020-04-13,It,0.0
Manipur,Unknown,1,2020-04-13,Un,0.0
Mizoram,Aizawl,1,2020-04-13,Al,0.0
Goa,North Goa,4,2020-04-13,Na,0.0
Goa,Unknown,3,2020-04-13,Un,0.0
Andaman and Nicobar Islands,South Andaman,5,2020-04-13,Sn,0.0
Andaman and Nicobar Islands,North and Middle Andaman,1,2020-04-13,Nn,0.0
Andaman and Nicobar Islands,Unknown,5,2020-04-13,Un,0.0
Jharkhand,Ranchi,8,2020-04-13,Ri,0.0
Jharkhand,Hazaribagh,2,2020-04-13,Hh,0.0
Jharkhand,Bokaro,8,2020-04-13,Bo,0.0
Jharkhand,Kodarma,1,2020-04-13,Ka,0.0
Assam,Cachar,2,2020-04-13,Cr,0.0
Assam,Kamrup Metropolitan,5,2020-04-13,Kn,0.0
Assam,Jorhat,8,2020-04-13,Jt,0.0
Assam,Goalpara,3,2020-04-13,Ga,0.0
Assam,Nalbari,3,2020-04-13,Ni,0.0
Assam,South Salmara Mancachar,1,2020-04-13,Sr,0.0
Assam,Kamrup,1,2020-04-13,Kp,0.0
Assam,Morigaon,1,2020-04-13,Mn,0.0
Assam,Golaghat,1,2020-04-13,Gt,0.0
Assam,Lakhimpur,1,2020-04-13,Lr,0.0
Assam,Dhubri,2,2020-04-13,Di,0.0
Assam,Hailakandi,1,2020-04-13,Hi,0.0
Arunachal Pradesh,Lohit,1,2020-04-13,Lt,0.0
Dadra and Nagar Haveli,Unknown,1,2020-04-13,Un,0.0
Tripura,Gomati,1,2020-04-13,Gi,0.0
Tripura,North Tripura,1,2020-04-13,Na,0.0
Nagaland,Dimapur,1,2020-04-13,Dr,0.0
